job_number,path,last_mtime,acknowledged
35354,"F:/Ozinga Concrete Products, Inc",1757102351.43251,0
35354,"F:/Ozinga Concrete Products, Inc/Plymouth, IN",1757102378.250207,0
35394,F:\Mary Ann's Specialty Foods,1757955213.8323884,0
35394,"F:\Mary Ann's Specialty Foods\Webster City, IA",1757955226.6574223,0
35332,F:/McCurdy's Laundry,1758667571.3049886,0
35332,"F:/McCurdy's Laundry/Red Wing, MN",1761310049.4908314,0
35371,F:/Brakebush Brothers,1760968266.8855271,0
35371,"F:/Brakebush Brothers/Hartwell, GA",1759168094.8635073,0
35154,F:/Sunroc,1529602196.9020562,0
35154,"F:/Sunroc/St George, UT",1758916417.933604,0
35140,F:/Geneva Rock,1759256637.0328512,0
35140,"F:/Geneva Rock/Logan, UT",1759256667.4501634,0
35359,F:/Pinty's Delicious Foods,1759156008.9848256,0
35359,"F:/Pinty's Delicious Foods/Oakville, ON",1759156023.670251,0
35042,F:/Whitewater Processing,1759263265.624803,0
35042,"F:/Whitewater Processing/West Harrison, IN",1761230965.8993976,0
35256,F:/Plymate Uniform,1412829211.9954977,0
35256,"F:/Plymate Uniform/Shelbyville, IN",1759243626.6104343,0
35167,F:/Jennie-O Turkey Store,1412825526.1015654,0
35167,"F:/Jennie-O Turkey Store/Willmar, MN",1760023493.052311,0
35351,F:/Morgan Foods,1647629995.2515059,0
35351,"F:/Morgan Foods/Austin, IN",1759857904.1688228,0
35397,F:/Mar-Jac,1760383047.9506922,0
35397,"F:/Mar-Jac/Hattiesburg, MS",1760447579.4326403,0
34489,F:/Valoris,1760531014.5566747,0
34489,"F:/Valoris/Sherbrooke, QC",1760619856.4500144,0
11111,F:/Able Linen,1752147765.744946,0
11111,"F:/Able Linen/Orlando, FL",1664810711.149971,0
35411,F:/Domino's,1525779297.2026536,0
35411,"F:/Domino's/Edison, NJ",1760979539.4298422,0
